"count","curr","lineColor"
"0","75.9","#AF0B0B"
"16","74.9","#AF0B0B"
"32","75.6","#AF0B0B"
"48","75.6","#AF0B0B"
"64","76.8","#AF0B0B"
"80","75.1","#AF0B0B"
"96","75.7","#AF0B0B"
"112","75.5","#AF0B0B"
"128","76.9","#AF0B0B"
"144","75.4","#AF0B0B"
"160","75.8","#AF0B0B"
"176","75.7","#AF0B0B"
"192","76.2","#AF0B0B"
"208","75.6","#AF0B0B"
"224","75.4","#AF0B0B"
"240","76.1","#AF0B0B"
"256","76.3","#AF0B0B"
"272","75.6","#AF0B0B"
"288","75.3","#AF0B0B"
"304","75.8","#AF0B0B"
"320","75.6","#AF0B0B"
"336","76.7","#AF0B0B"
"352","75.4","#AF0B0B"
"368","75.9","#AF0B0B"
"384","76","#AF0B0B"
"400","76.5","#AF0B0B"
"416","75.2","#AF0B0B"
"432","75.5","#AF0B0B"
"448","75.5","#AF0B0B"
"464","76.9","#AF0B0B"
"480","75.2","#AF0B0B"
"496","75.3","#AF0B0B"
"512","75.9","#AF0B0B"
"528","81.8","#AF0B0B"
"544","69.7","#AF0B0B"
"560","69.6","#AF0B0B"
"576","69.6","#AF0B0B"
"592","69.6","#AF0B0B"
"608","69.9","#AF0B0B"
"624","69.7","#AF0B0B"
"640","69.6","#AF0B0B"
"656","69.2","#AF0B0B"
"672","69.5","#AF0B0B"
"688","76.8","#AF0B0B"
"704","69.6","#AF0B0B"
"720","69.7","#AF0B0B"
"736","69.3","#AF0B0B"
"752","69.1","#AF0B0B"
"768","69.8","#AF0B0B"
"784","69.7","#AF0B0B"
"800","69.5","#AF0B0B"
"816","68.9","#AF0B0B"
"832","74.2","#AF0B0B"
"848","69","#AF0B0B"
"864","69.4","#AF0B0B"
"880","68.9","#AF0B0B"
"896","68.8","#AF0B0B"
"912","68.6","#AF0B0B"
"928","68.6","#AF0B0B"
"944","69.2","#AF0B0B"
"960","69.2","#AF0B0B"
"976","69.1","#AF0B0B"
"992","73.8","#AF0B0B"
"1008","69.3","#AF0B0B"
"1024","69.4","#AF0B0B"
"1040","69.1","#AF0B0B"
"1056","69.3","#AF0B0B"
"1072","69.8","#AF0B0B"
"1088","69.8","#AF0B0B"
"1104","69.7","#AF0B0B"
"1120","69.5","#AF0B0B"
"1136","71.4","#AF0B0B"
"1152","69.7","#AF0B0B"
"1168","69.2","#AF0B0B"
"1184","69.8","#AF0B0B"
"1200","69.8","#AF0B0B"
"1216","69.6","#AF0B0B"
"1232","69.7","#AF0B0B"
"1248","69.8","#AF0B0B"
"1264","69.3","#AF0B0B"
"1280","86.8","#AF0B0B"
"1296","71.3","#AF0B0B"
"1312","69.7","#AF0B0B"
"1328","69.3","#AF0B0B"
"1344","69.2","#AF0B0B"
"1360","69.1","#AF0B0B"
"1376","69.3","#AF0B0B"
"1392","69.5","#AF0B0B"
"1408","69.9","#AF0B0B"
"1424","69.7","#AF0B0B"
"1440","83.2","#AF0B0B"
"1456","69.2","#AF0B0B"
"1472","69.2","#AF0B0B"
"1488","69.3","#AF0B0B"
"1504","69.1","#AF0B0B"
"1520","69.8","#AF0B0B"
"1536","69.7","#AF0B0B"
"1552","70","#AF0B0B"
"1568","69.4","#AF0B0B"
"1584","77.8","#AF0B0B"
"1600","69.4","#AF0B0B"
"1616","69","#AF0B0B"
"1632","69.1","#AF0B0B"
"1648","68.9","#AF0B0B"
"1664","69.2","#AF0B0B"
"1680","69.3","#AF0B0B"
"1696","69.2","#AF0B0B"
"1712","68.8","#AF0B0B"
"1728","69.1","#AF0B0B"
"1744","75.4","#AF0B0B"
"1760","69.3","#AF0B0B"
"1776","69.7","#AF0B0B"
"1792","69.3","#AF0B0B"
"1808","69.2","#AF0B0B"
"1824","69.2","#AF0B0B"
"1840","69.6","#AF0B0B"
"1856","69.5","#AF0B0B"
"1872","69.6","#AF0B0B"
"1888","78.1","#AF0B0B"
"1904","70.6","#AF0B0B"
"1920","69.8","#AF0B0B"
"1936","69.7","#AF0B0B"
"1952","69.2","#AF0B0B"
"1968","69.5","#AF0B0B"
"1984","69.8","#AF0B0B"
"2000","69.5","#AF0B0B"
"2016","69.2","#AF0B0B"
"2032","69.1","#AF0B0B"
"2048","91.6","#AF0B0B"
"2064","69","#AF0B0B"
"2080","69","#AF0B0B"
"2096","69","#AF0B0B"
"2112","69.1","#AF0B0B"
"2128","69","#AF0B0B"
"2144","69.2","#AF0B0B"
"2160","68.7","#AF0B0B"
"2176","68.7","#AF0B0B"
"2192","81.4","#AF0B0B"
"2208","69.9","#AF0B0B"
"2224","68.4","#AF0B0B"
"2240","68.7","#AF0B0B"
"2256","68.6","#AF0B0B"
"2272","68.4","#AF0B0B"
"2288","68.4","#AF0B0B"
"2304","69.1","#AF0B0B"
"2320","68.9","#AF0B0B"
"2336","68.6","#AF0B0B"
"2352","76.8","#AF0B0B"
"2368","69","#AF0B0B"
"2384","69.2","#AF0B0B"
"2400","69.4","#AF0B0B"
"2416","69","#AF0B0B"
"2432","69","#AF0B0B"
"2448","69.1","#AF0B0B"
"2464","68.8","#AF0B0B"
"2480","68.8","#AF0B0B"
"2496","74.9","#AF0B0B"
"2512","69.5","#AF0B0B"
"2528","69","#AF0B0B"
"2544","69.7","#AF0B0B"
"2560","69.9","#AF0B0B"
"2576","69.3","#AF0B0B"
"2592","69.4","#AF0B0B"
"2608","69.8","#AF0B0B"
"2624","69","#AF0B0B"
"2640","69.3","#AF0B0B"
"2656","77.2","#AF0B0B"
"2672","76.8","#AF0B0B"
"2688","77","#AF0B0B"
"2704","77.5","#AF0B0B"
"2720","77.3","#AF0B0B"
"2736","77","#AF0B0B"
"2752","77.4","#AF0B0B"
"2768","77.2","#AF0B0B"
"2784","76.9","#AF0B0B"
"2800","77.4","#AF0B0B"
"2816","77.4","#AF0B0B"
"2832","77.5","#AF0B0B"
"2848","77.5","#AF0B0B"
"2864","77.2","#AF0B0B"
"2880","77.2","#AF0B0B"
"2896","77.5","#AF0B0B"
"2912","77.5","#AF0B0B"
"2928","77.3","#AF0B0B"
"2944","77.5","#AF0B0B"
"2960","77.4","#AF0B0B"
"2976","77.2","#AF0B0B"
"2992","77.4","#AF0B0B"
"3008","77.6","#AF0B0B"
"3024","77.4","#AF0B0B"
"3040","77.4","#AF0B0B"
"3056","77.3","#AF0B0B"
"3072","77.4","#AF0B0B"
"3088","76.8","#AF0B0B"
"3104","77.3","#AF0B0B"
"3120","77.3","#AF0B0B"
"3136","77.5","#AF0B0B"
"3152","77.4","#AF0B0B"
"3168","77.3","#AF0B0B"
"3184","76.9","#AF0B0B"
"3200","76.8","#AF0B0B"
"3216","77.4","#AF0B0B"
"3232","77.2","#AF0B0B"
"3248","77.3","#AF0B0B"
"3264","77.4","#AF0B0B"
"3280","77.4","#AF0B0B"
"3296","76.5","#AF0B0B"
"3312","77.2","#AF0B0B"
"3328","77.4","#AF0B0B"
"3344","77.2","#AF0B0B"
"3360","77.5","#AF0B0B"
"3376","77.5","#AF0B0B"
"3392","76.5","#AF0B0B"
"3408","77.1","#AF0B0B"
"3424","77.5","#AF0B0B"
"3440","77.4","#AF0B0B"
"3456","77.2","#AF0B0B"
"3472","77.2","#AF0B0B"
"3488","76.8","#AF0B0B"
"3504","77","#AF0B0B"
"3520","77.5","#AF0B0B"
"3536","76.5","#AF0B0B"
"3552","75.1","#AF0B0B"
"3568","75.5","#AF0B0B"
"3584","75.8","#AF0B0B"
"3600","76.4","#AF0B0B"
"3616","75.1","#AF0B0B"
"3632","75.3","#AF0B0B"
"3648","75.8","#AF0B0B"
"3664","83","#AF0B0B"
"3680","151","#AF0B0B"
"3696","132.8","#AF0B0B"
"3712","69.2","#AF0B0B"
"3728","68.9","#AF0B0B"
"3744","69.2","#AF0B0B"
"3760","69","#AF0B0B"
"3776","68.5","#AF0B0B"
"3792","69.1","#AF0B0B"
"3808","69.6","#AF0B0B"
"3824","69.1","#AF0B0B"
"3840","68.5","#AF0B0B"
"3856","69.2","#AF0B0B"
"3872","71.1","#AF0B0B"
"3888","69.1","#AF0B0B"
"3904","68.7","#AF0B0B"
"3920","68.6","#AF0B0B"
"3936","69.1","#AF0B0B"
"3952","68.9","#AF0B0B"
"3968","68.5","#AF0B0B"
"3984","68.8","#AF0B0B"
"4000","68.4","#AF0B0B"
"4016","69.3","#AF0B0B"
"4032","68.6","#AF0B0B"
"4048","68.8","#AF0B0B"
"4064","69.2","#AF0B0B"
"4080","69.2","#AF0B0B"
"4096","69.4","#AF0B0B"
"4112","68.5","#AF0B0B"
"4128","69.1","#AF0B0B"
"4144","69.1","#AF0B0B"
"4160","68.9","#AF0B0B"
"4176","68.8","#AF0B0B"
"4192","69.2","#AF0B0B"
"4208","68.8","#AF0B0B"
"4224","69.1","#AF0B0B"
"4240","68.8","#AF0B0B"
"4256","69.1","#AF0B0B"
"4272","68.6","#AF0B0B"
"4288","69.2","#AF0B0B"
"4304","69","#AF0B0B"
"4320","68.7","#AF0B0B"
"4336","69.1","#AF0B0B"
"4352","68.7","#AF0B0B"
"4368","82.3","#AF0B0B"
"4384","85.9","#AF0B0B"
"4400","85.6","#AF0B0B"
"4416","79.6","#AF0B0B"
"4432","76.6","#AF0B0B"
"4448","74.3","#AF0B0B"
"4464","75.9","#AF0B0B"
"4480","74.8","#AF0B0B"
"4496","81.6","#AF0B0B"
"4512","73","#AF0B0B"
"4528","74.7","#AF0B0B"
"4544","75.4","#AF0B0B"
"4560","77.1","#AF0B0B"
"4576","75.7","#AF0B0B"
"4592","79.7","#AF0B0B"
"4608","75.7","#AF0B0B"
"4624","72.6","#AF0B0B"
"4640","77.1","#AF0B0B"
"4656","71.3","#AF0B0B"
"4672","75.4","#AF0B0B"
"4688","78.1","#AF0B0B"
"4704","71.1","#AF0B0B"
"4720","75.6","#AF0B0B"
"4736","74.7","#AF0B0B"
"4752","76.5","#AF0B0B"
"4768","78.3","#AF0B0B"
"4784","74.1","#AF0B0B"
"4800","75","#AF0B0B"
"4816","71.2","#AF0B0B"
"4832","77.3","#AF0B0B"
"4848","71.3","#AF0B0B"
"4864","75.6","#AF0B0B"
"4880","74.8","#AF0B0B"
"4896","74.9","#AF0B0B"
"4912","76.2","#AF0B0B"
"4928","72.6","#AF0B0B"
"4944","76.9","#AF0B0B"
"4960","70.5","#AF0B0B"
"4976","72.6","#AF0B0B"
"4992","90.4","#AF0B0B"
"5008","75","#AF0B0B"
"5024","71.4","#AF0B0B"
"5040","71.3","#AF0B0B"
"5056","72.9","#AF0B0B"
"5072","72.8","#AF0B0B"
"5088","74.1","#AF0B0B"
"5104","73","#AF0B0B"
"5120","75.4","#AF0B0B"
"5136","73","#AF0B0B"
"5152","73.2","#AF0B0B"
"5168","70","#AF0B0B"
"5184","72.4","#AF0B0B"
"5200","77.4","#AF0B0B"
"5216","76.7","#AF0B0B"
"5232","72.9","#AF0B0B"
"5248","76","#AF0B0B"
"5264","77.6","#AF0B0B"
"5280","73.6","#AF0B0B"
"5296","71.5","#AF0B0B"
"5312","78.9","#AF0B0B"
"5328","74.1","#AF0B0B"
"5344","74.1","#AF0B0B"
"5360","77.9","#AF0B0B"
"5376","74.7","#AF0B0B"
"5392","74.3","#076969"
"5408","75.4","#076969"
"5424","75.9","#076969"
"5440","75.3","#076969"
"5456","75.8","#076969"
"5472","75.1","#076969"
"5488","75.6","#076969"
"5504","75.7","#076969"
"5520","76.3","#076969"
"5536","74.8","#076969"
"5552","75.3","#076969"
"5568","75.6","#076969"
"5584","76.4","#076969"
"5600","75.3","#076969"
"5616","75.1","#076969"
"5632","76.4","#076969"
"5648","89.5","#AF550B"
"5664","71.3","#AF550B"
"5680","15.2","#AF550B"
"5696","15.1","#AF550B"
"5712","15.1","#AF550B"
"5728","15.1","#AF550B"
"5744","15","#AF550B"
"5760","15","#AF550B"
"5776","15","#AF550B"
"5792","15","#AF550B"
"5808","15.1","#AF550B"
"5824","15","#AF550B"
"5840","15.1","#AF550B"
"5856","15.2","#AF550B"
"5872","15","#AF550B"
"5888","15","#AF550B"
"5904","15.1","#AF550B"
"5920","15","#AF550B"
"5936","15.2","#AF550B"
"5952","15","#AF550B"
"5968","15.1","#AF550B"
"5984","15","#AF550B"
"6000","15","#AF550B"
"6016","15","#AF550B"
"6032","15","#AF550B"
"6048","15","#AF550B"
"6064","15","#AF550B"
"6080","15.1","#AF550B"
"6096","15","#AF550B"
"6112","15.1","#AF550B"
"6128","15","#AF550B"
"6144","15","#AF550B"
"6160","15","#AF550B"
"6176","15","#AF550B"
"6192","15","#AF550B"
"6208","15.1","#AF550B"
"6224","15.1","#AF550B"
"6240","15","#AF550B"
"6256","15.1","#AF550B"
"6272","15","#AF550B"
"6288","15","#AF550B"
"6304","15","#AF550B"
"6320","15","#AF550B"
"6336","15","#AF550B"
"6352","15","#AF550B"
"6368","15","#AF550B"
"6384","15","#AF550B"
"6400","15","#AF550B"
"6416","15","#AF550B"
"6432","15","#AF550B"
"6448","15.1","#AF550B"
"6464","15","#AF550B"
"6480","14.9","#AF550B"
"6496","15","#AF550B"
"6512","15.1","#AF550B"
"6528","15","#AF550B"
"6544","15","#AF550B"
"6560","15","#AF550B"
"6576","15","#AF550B"
"6592","15","#AF550B"
"6608","15","#AF550B"
"6624","15","#AF550B"
"6640","15","#AF550B"
"6656","15","#AF550B"
"6672","15.1","#AF550B"
"6688","15","#AF550B"
"6704","15","#AF550B"
"6720","15","#AF550B"
"6736","15","#AF550B"
"6752","15.2","#AF550B"
"6768","15","#AF550B"
"6784","15","#AF550B"
"6800","15","#AF550B"
"6816","15","#AF550B"
"6832","15","#AF550B"
"6848","15","#AF550B"
"6864","15.1","#AF550B"
"6880","15.9","#AF550B"
"6896","15","#AF550B"
"6912","15","#AF550B"
"6928","15","#AF550B"
"6944","15","#AF550B"
"6960","15.1","#AF550B"
"6976","15","#AF550B"
"6992","15","#AF550B"
"7008","15","#AF550B"
"7024","15","#AF550B"
"7040","15","#AF550B"
"7056","15.1","#AF550B"
"7072","15","#AF550B"
"7088","14.9","#AF550B"
"7104","15","#AF550B"
"7120","15","#AF550B"
"7136","15.4","#AF550B"
"7152","15","#AF550B"
"7168","15","#AF550B"
"7184","15","#AF550B"
"7200","15","#AF550B"
"7216","15","#AF550B"
"7232","15","#AF550B"
"7248","15","#AF550B"
"7264","15.1","#AF550B"
"7280","15","#AF550B"
"7296","15","#AF550B"
"7312","15","#AF550B"
"7328","15","#AF550B"
"7344","15","#AF550B"
"7360","15","#AF550B"
"7376","15","#AF550B"
"7392","15","#AF550B"
"7408","15","#AF550B"
"7424","15","#AF550B"
"7440","15","#AF550B"
"7456","15.1","#AF550B"
"7472","15.1","#AF550B"
"7488","15.1","#AF550B"
"7504","15","#AF550B"
"7520","15","#AF550B"
"7536","15.1","#AF550B"
"7552","15","#AF550B"
"7568","15","#AF550B"
"7584","15","#AF550B"
"7600","15","#AF550B"
"7616","15","#AF550B"
"7632","15","#AF550B"
"7648","15","#AF550B"
"7664","15","#AF550B"
"7680","15","#AF550B"
"7696","15","#AF550B"
"7712","15","#AF550B"
"7728","15","#AF550B"
"7744","15","#AF550B"
"7760","15","#AF550B"
"7776","15","#AF550B"
"7792","15","#AF550B"
"7808","15","#AF550B"
"7824","15","#AF550B"
"7840","15","#AF550B"
"7856","15","#AF550B"
"7872","15.1","#AF550B"
"7888","15","#AF550B"
"7904","15","#AF550B"
"7920","14.9","#AF550B"
"7936","15","#AF550B"
"7952","15","#AF550B"
"7968","15","#AF550B"
"7984","15","#AF550B"
"8000","15","#AF550B"
"8016","14.9","#AF550B"
"8032","15","#AF550B"
"8048","15","#AF550B"
"8064","15","#AF550B"
"8080","15","#AF550B"
"8096","15","#AF550B"
"8112","15","#AF550B"
"8128","15","#AF550B"
"8144","15","#AF550B"
"8160","15","#AF550B"
"8176","15","#AF550B"
"8192","15","#AF550B"
"8208","15","#AF550B"
"8224","15","#AF550B"
"8240","15","#AF550B"
"8256","15","#AF550B"
"8272","15","#AF550B"
"8288","15","#AF550B"
"8304","15","#AF550B"
"8320","14.9","#AF550B"
"8336","15","#AF550B"
"8352","14.9","#AF550B"
"8368","15","#AF550B"
"8384","15","#AF550B"
"8400","15","#AF550B"
"8416","15","#AF550B"
"8432","15","#AF550B"
"8448","15","#AF550B"
"8464","15","#AF550B"
"8480","15","#AF550B"
"8496","15","#AF550B"
"8512","15","#AF550B"
"8528","15","#AF550B"
"8544","15","#AF550B"
"8560","15","#AF550B"
"8576","14.9","#AF550B"
"8592","15","#AF550B"
"8608","15","#AF550B"
"8624","15.1","#AF550B"
"8640","15","#AF550B"
"8656","15","#AF550B"
"8672","15","#AF550B"
"8688","15","#AF550B"
"8704","15.1","#AF550B"
"8720","15","#AF550B"
"8736","15","#AF550B"
"8752","15","#AF550B"
"8768","15","#AF550B"
"8784","15","#AF550B"
"8800","15","#AF550B"
"8816","15.7","#AF550B"
"8832","15","#AF550B"
"8848","11.9","#AF550B"
"8864","15","#AF550B"
"8880","15.9","#AF550B"
"8896","15","#AF550B"
"8912","15","#AF550B"
"8928","15.4","#AF550B"
"8944","15.2","#AF550B"
"8960","15","#AF550B"
"8976","15","#AF550B"
"8992","15","#AF550B"
"9008","14.9","#AF550B"
"9024","15","#AF550B"
"9040","15","#AF550B"
"9056","15","#AF550B"
"9072","15","#AF550B"
"9088","15","#AF550B"
"9104","15","#AF550B"
"9120","15","#AF550B"
"9136","15","#AF550B"
"9152","15","#AF550B"
"9168","15","#AF550B"
"9184","15","#AF550B"
"9200","15","#AF550B"
"9216","15","#AF550B"
"9232","15","#AF550B"
"9248","15","#AF550B"
"9264","15","#AF550B"
"9280","14.9","#AF550B"
"9296","15","#AF550B"
"9312","15","#AF550B"
"9328","14.9","#AF550B"
"9344","15","#AF550B"
"9360","14.9","#AF550B"
"9376","15","#AF550B"
"9392","15","#AF550B"
"9408","15","#AF550B"
"9424","15","#AF550B"
"9440","14.5","#AF550B"
"9456","15","#AF550B"
"9472","14.9","#AF550B"
"9488","15","#AF550B"
"9504","14.9","#AF550B"
"9520","14.2","#AF550B"
"9536","15","#AF550B"
"9552","15","#AF550B"
"9568","14.9","#AF550B"
"9584","15","#AF550B"
"9600","15","#AF550B"
"9616","15","#AF550B"
"9632","15","#AF550B"
"9648","14.9","#AF550B"
"9664","15","#AF550B"
"9680","15","#AF550B"
"9696","14.9","#AF550B"
"9712","15","#AF550B"
"9728","15","#AF550B"
"9744","15","#AF550B"
"9760","15","#AF550B"
"9776","15","#AF550B"
"9792","15","#AF550B"
"9808","15.1","#AF550B"
"9824","15","#AF550B"
"9840","15","#AF550B"
"9856","15","#AF550B"
"9872","15","#AF550B"
"9888","15","#AF550B"
"9904","15","#AF550B"
"9920","15","#AF550B"
"9936","15","#AF550B"
"9952","15","#AF550B"
"9968","15","#AF550B"
"9984","15","#AF550B"
"10000","15","#AF550B"
"10016","14.9","#AF550B"
"10032","14.9","#AF550B"
"10048","14.9","#AF550B"
"10064","15","#AF550B"
"10080","15","#AF550B"
"10096","15","#AF550B"
"10112","15","#AF550B"
"10128","15","#AF550B"
"10144","14.9","#AF550B"
"10160","15","#AF550B"
"10176","15","#AF550B"
"10192","14.9","#AF550B"
"10208","14.9","#AF550B"
"10224","15","#AF550B"
"10240","15","#AF550B"
"10256","15.2","#AF550B"
"10272","15","#AF550B"
"10288","15","#AF550B"
"10304","14.9","#AF550B"
"10320","15","#AF550B"
"10336","15.2","#AF550B"
"10352","15","#AF550B"
"10368","15","#AF550B"
"10384","15","#AF550B"
"10400","14.9","#AF550B"
"10416","15","#AF550B"
"10432","15","#AF550B"
"10448","15.1","#AF550B"
"10464","15","#AF550B"
"10480","15","#AF550B"
"10496","15","#AF550B"
"10512","14.9","#AF550B"
"10528","15","#AF550B"
"10544","14.9","#AF550B"
"10560","15","#AF550B"
"10576","15","#AF550B"
"10592","15","#AF550B"
"10608","15","#AF550B"
"10624","15","#AF550B"
"10640","15","#AF550B"
"10656","14.9","#AF550B"
"10672","15","#AF550B"
"10688","14.9","#AF550B"
"10704","15","#AF550B"
"10720","15","#AF550B"
"10736","15","#AF550B"
"10752","15","#AF550B"
"10768","14.9","#AF550B"
"10784","15","#AF550B"
"10800","15","#AF550B"
"10816","15","#AF550B"
"10832","15","#AF550B"
"10848","15","#AF550B"
"10864","14.9","#AF550B"
"10880","15","#AF550B"
"10896","15","#AF550B"
"10912","15","#AF550B"
"10928","14.9","#AF550B"
"10944","15","#AF550B"
"10960","15","#AF550B"
"10976","14.9","#AF550B"
"10992","15","#AF550B"
"11008","15","#AF550B"
"11024","15","#AF550B"
"11040","15","#AF550B"
"11056","15","#AF550B"
"11072","15.2","#AF550B"
"11088","14.9","#AF550B"
"11104","15","#AF550B"
"11120","15","#AF550B"
"11136","15","#AF550B"
"11152","15.1","#AF550B"
"11168","15","#AF550B"
"11184","15","#AF550B"
"11200","15","#AF550B"
"11216","15","#AF550B"
"11232","15","#AF550B"
"11248","15","#AF550B"
"11264","15","#AF550B"
"11280","15.1","#AF550B"
"11296","15","#AF550B"
"11312","14.9","#AF550B"
"11328","15","#AF550B"
"11344","15","#AF550B"
"11360","15","#AF550B"
"11376","14.9","#AF550B"
"11392","15","#AF550B"
"11408","14.9","#AF550B"
"11424","15","#AF550B"
"11440","14.9","#AF550B"
"11456","15","#AF550B"
"11472","15.1","#AF550B"
"11488","15","#AF550B"
"11504","15","#AF550B"
"11520","15","#AF550B"
"11536","15","#AF550B"
"11552","14.9","#AF550B"
"11568","15","#AF550B"
"11584","15","#AF550B"
"11600","14.9","#AF550B"
"11616","15","#AF550B"
"11632","15","#AF550B"
"11648","15","#AF550B"
"11664","15","#AF550B"
"11680","15","#AF550B"
"11696","15","#AF550B"
"11712","15","#AF550B"
"11728","15","#AF550B"
"11744","15","#AF550B"
"11760","15","#AF550B"
"11776","14.9","#AF550B"
"11792","15","#AF550B"
"11808","15","#AF550B"
"11824","14.9","#AF550B"
"11840","15","#AF550B"
"11856","14.9","#AF550B"
"11872","15","#AF550B"
"11888","14.2","#AF550B"
"11904","15","#AF550B"
"11920","15","#AF550B"
"11936","15","#AF550B"
"11952","15","#AF550B"
"11968","15.1","#AF550B"
"11984","14.9","#AF550B"
"12000","14.9","#AF550B"
"12016","14.9","#AF550B"
"12032","14.9","#AF550B"
"12048","14.9","#AF550B"
"12064","15","#AF550B"
"12080","15","#AF550B"
"12096","15","#AF550B"
"12112","14.9","#AF550B"
"12128","15","#AF550B"
"12144","15","#AF550B"
"12160","15","#AF550B"
"12176","15","#AF550B"
"12192","15","#AF550B"
"12208","14.9","#AF550B"
"12224","15","#AF550B"
"12240","14.9","#AF550B"
"12256","14.9","#AF550B"
"12272","15","#AF550B"
"12288","14.9","#AF550B"
"12304","14.9","#AF550B"
"12320","14.9","#AF550B"
"12336","15","#AF550B"
"12352","15","#AF550B"
"12368","14.9","#AF550B"
"12384","15","#AF550B"
"12400","15","#AF550B"
"12416","15","#AF550B"
"12432","15","#AF550B"
"12448","14.9","#AF550B"
"12464","15","#AF550B"
"12480","15","#AF550B"
"12496","14.9","#AF550B"
"12512","15","#AF550B"
"12528","15","#AF550B"
"12544","15","#AF550B"
"12560","15","#AF550B"
"12576","14.9","#AF550B"
"12592","15","#AF550B"
"12608","15","#AF550B"
"12624","15","#AF550B"
"12640","15","#AF550B"
"12656","15","#AF550B"
"12672","14.9","#AF550B"
"12688","14.9","#AF550B"
"12704","15","#AF550B"
"12720","15.2","#AF550B"
"12736","15","#AF550B"
"12752","14.9","#AF550B"
"12768","15","#AF550B"
"12784","14.9","#AF550B"
"12800","15.1","#AF550B"
"12816","15","#AF550B"
"12832","15","#AF550B"
"12848","15","#AF550B"
"12864","15","#AF550B"
"12880","14.9","#AF550B"
"12896","14.9","#AF550B"
"12912","14.9","#AF550B"
"12928","15","#AF550B"
"12944","15","#AF550B"
"12960","14.9","#AF550B"
"12976","14.9","#AF550B"
"12992","15","#AF550B"
"13008","15","#AF550B"
"13024","15","#AF550B"
"13040","15","#AF550B"
"13056","15","#AF550B"
"13072","14.9","#AF550B"
"13088","14.9","#AF550B"
"13104","15","#AF550B"
"13120","15","#AF550B"
"13136","15","#AF550B"
"13152","15","#AF550B"
"13168","14.9","#AF550B"
"13184","14.9","#AF550B"
"13200","15","#AF550B"
"13216","15","#AF550B"
"13232","15","#AF550B"
"13248","15","#AF550B"
"13264","15","#AF550B"
"13280","15","#AF550B"
"13296","15","#AF550B"
"13312","15","#AF550B"
"13328","15","#AF550B"
"13344","14.9","#AF550B"
"13360","15","#AF550B"
"13376","15","#AF550B"
"13392","15","#AF550B"
"13408","15","#AF550B"
"13424","15","#AF550B"
"13440","15","#AF550B"
"13456","15","#AF550B"
"13472","15","#AF550B"
"13488","15","#AF550B"
"13504","14.9","#AF550B"
"13520","15","#AF550B"
"13536","15","#AF550B"
"13552","15","#AF550B"
"13568","15","#AF550B"
"13584","15","#AF550B"
"13600","14.9","#AF550B"
"13616","15.1","#AF550B"
"13632","15","#AF550B"
"13648","15","#AF550B"
"13664","15","#AF550B"
"13680","15","#AF550B"
"13696","14.9","#AF550B"
"13712","15","#AF550B"
"13728","15","#AF550B"
"13744","14.9","#AF550B"
"13760","15","#AF550B"
"13776","15","#AF550B"
"13792","15","#AF550B"
"13808","15","#AF550B"
"13824","14.9","#AF550B"
"13840","15","#AF550B"
"13856","15","#AF550B"
"13872","15","#AF550B"
"13888","14.9","#AF550B"
"13904","15","#AF550B"
"13920","14.9","#AF550B"
"13936","14.9","#AF550B"
"13952","15","#AF550B"
"13968","14.9","#AF550B"
"13984","14.9","#AF550B"
"14000","15","#AF550B"
"14016","15","#AF550B"
"14032","15","#AF550B"
"14048","14.9","#AF550B"
"14064","15","#AF550B"
"14080","14.9","#AF550B"
"14096","15","#AF550B"
"14112","15","#AF550B"
"14128","15","#AF550B"
"14144","15","#AF550B"
"14160","15","#AF550B"
"14176","15","#AF550B"
"14192","15","#AF550B"
"14208","14.9","#AF550B"
"14224","15","#AF550B"
"14240","14.9","#AF550B"
"14256","14.9","#AF550B"
"14272","14.9","#AF550B"
"14288","14.9","#AF550B"
"14304","15","#AF550B"
"14320","15","#AF550B"
"14336","14.9","#AF550B"
"14352","15.2","#AF550B"
"14368","14.9","#AF550B"
"14384","15","#AF550B"
"14400","15","#AF550B"
"14416","14.9","#AF550B"
"14432","15","#AF550B"
"14448","14.9","#AF550B"
"14464","15","#AF550B"
"14480","15","#AF550B"
"14496","15","#AF550B"
"14512","15","#AF550B"
"14528","14.9","#AF550B"
"14544","14.9","#AF550B"
"14560","14.9","#AF550B"
"14576","15","#AF550B"
"14592","15","#AF550B"
"14608","14.9","#AF550B"
"14624","15","#AF550B"
"14640","15","#AF550B"
"14656","15","#AF550B"
"14672","15","#AF550B"
"14688","14.9","#AF550B"
"14704","14.9","#AF550B"
"14720","15.1","#AF550B"
"14736","14.9","#AF550B"
"14752","14.9","#AF550B"
"14768","15","#AF550B"
"14784","14.9","#AF550B"
"14800","15","#AF550B"
"14816","15","#AF550B"
"14832","15","#AF550B"
"14848","15","#AF550B"
"14864","15","#AF550B"
"14880","15","#AF550B"
"14896","15","#AF550B"
"14912","15","#AF550B"
"14928","14.9","#AF550B"
"14944","15","#AF550B"
"14960","15","#AF550B"
"14976","15","#AF550B"
"14992","14.9","#AF550B"
"15008","15","#AF550B"
"15024","14.9","#AF550B"
"15040","15","#AF550B"
"15056","14.9","#AF550B"
"15072","14.9","#AF550B"
"15088","15","#AF550B"
"15104","15","#AF550B"
"15120","15","#AF550B"
"15136","15","#AF550B"
"15152","15","#AF550B"
"15168","15.1","#AF550B"
"15184","14.9","#AF550B"
"15200","15","#AF550B"
"15216","15","#AF550B"
"15232","15","#AF550B"
"15248","15.1","#AF550B"
"15264","14.9","#AF550B"
"15280","15","#AF550B"
"15296","15","#AF550B"
"15312","15","#AF550B"
"15328","15","#AF550B"
"15344","15","#AF550B"
"15360","15","#AF550B"
"15376","15","#AF550B"
"15392","14.9","#AF550B"
"15408","14.9","#AF550B"
"15424","14.9","#AF550B"
"15440","15","#AF550B"
"15456","14.9","#AF550B"
"15472","14.9","#AF550B"
"15488","15","#AF550B"
"15504","14.9","#AF550B"
"15520","14.9","#AF550B"
"15536","14.9","#AF550B"
"15552","15","#AF550B"
"15568","15","#AF550B"
"15584","14.9","#AF550B"
"15600","14.9","#AF550B"
"15616","14.9","#AF550B"
"15632","15","#AF550B"
"15648","16.6","#098C09"
"15664","74.1","#098C09"
"15680","74.9","#098C09"
"15696","75.9","#098C09"
"15712","76","#098C09"
"15728","76.4","#098C09"
"15744","75.8","#098C09"
"15760","76","#098C09"
"15776","75.5","#098C09"
"15792","76.4","#098C09"
"15808","75.9","#098C09"
"15824","76.3","#098C09"
"15840","75.7","#098C09"
"15856","76.7","#098C09"
"15872","75.3","#098C09"
"15888","75.1","#098C09"
"15904","75.6","#098C09"
"15920","76.5","#098C09"
"15936","75.7","#098C09"
"15952","76.1","#098C09"
"15968","76.4","#098C09"
"15984","75.7","#098C09"
"16000","75.7","#098C09"
"16016","76","#098C09"
"16032","75.9","#098C09"
"16048","76","#098C09"
"16064","75.2","#098C09"
"16080","75.9","#098C09"
"16096","75.3","#098C09"
"16112","75.8","#098C09"
"16128","75.6","#098C09"
"16144","75.6","#098C09"
"16160","75.7","#098C09"
"16176","92.1","#098C09"
"16192","69.7","#098C09"
"16208","69.6","#098C09"
"16224","69.6","#098C09"
"16240","69.7","#098C09"
"16256","69.7","#098C09"
"16272","69.5","#098C09"
"16288","69.2","#098C09"
"16304","69.8","#098C09"
"16320","69.8","#098C09"
"16336","76.5","#098C09"
"16352","69","#098C09"
"16368","69.2","#098C09"
"16384","69.2","#098C09"
"16400","69.1","#098C09"
"16416","69.1","#098C09"
"16432","69.9","#098C09"
"16448","69.7","#098C09"
"16464","69.3","#098C09"
"16480","74.1","#098C09"
"16496","68.6","#098C09"
"16512","68.4","#098C09"
"16528","69","#098C09"
"16544","69.2","#098C09"
"16560","69","#098C09"
"16576","68.9","#098C09"
"16592","68.9","#098C09"
"16608","69","#098C09"
"16624","68.9","#098C09"
"16640","74.6","#098C09"
"16656","68.6","#098C09"
"16672","68.7","#098C09"
"16688","68.9","#098C09"
"16704","69.3","#098C09"
"16720","69.3","#098C09"
"16736","68.9","#098C09"
"16752","69.3","#098C09"
"16768","69","#098C09"
"16784","71.8","#098C09"
"16800","69.2","#098C09"
"16816","69.2","#098C09"
"16832","69","#098C09"
"16848","68.6","#098C09"
"16864","69","#098C09"
"16880","68.8","#098C09"
"16896","68.9","#098C09"
"16912","68.7","#098C09"
"16928","69.1","#098C09"
"16944","71.6","#098C09"
"16960","69.5","#098C09"
"16976","68.8","#098C09"
"16992","68.7","#098C09"
"17008","68.9","#098C09"
"17024","69.4","#098C09"
"17040","69.4","#098C09"
"17056","69.7","#098C09"
"17072","69.4","#098C09"
"17088","85.1","#098C09"
"17104","68.8","#098C09"
"17120","68.5","#098C09"
"17136","68.9","#098C09"
"17152","68.4","#098C09"
"17168","68.8","#098C09"
"17184","68.7","#098C09"
"17200","69.4","#098C09"
"17216","68.6","#098C09"
"17232","83.2","#098C09"
"17248","70.7","#098C09"
"17264","69","#098C09"
"17280","68.9","#098C09"
"17296","69.2","#098C09"
"17312","69.2","#098C09"
"17328","69.3","#098C09"
"17344","69.4","#098C09"
"17360","69.2","#098C09"
"17376","69","#098C09"
"17392","78.4","#098C09"
"17408","68.6","#098C09"
"17424","68.5","#098C09"
"17440","68.6","#098C09"
"17456","69.2","#098C09"
"17472","69.1","#098C09"
"17488","68.8","#098C09"
"17504","68.9","#098C09"
"17520","68.9","#098C09"
"17536","74.3","#098C09"
"17552","70.6","#098C09"
"17568","69.2","#098C09"
"17584","68.9","#098C09"
"17600","68.6","#098C09"
"17616","68.9","#098C09"
"17632","67.9","#098C09"
"17648","69.3","#098C09"
"17664","69.1","#098C09"
"17680","69","#098C09"
"17696","81.7","#098C09"
"17712","68.6","#098C09"
"17728","68.7","#098C09"
"17744","69.3","#098C09"
"17760","69.2","#098C09"
"17776","69.1","#098C09"
"17792","68.8","#098C09"
"17808","69.2","#098C09"
"17824","68.6","#098C09"
"17840","88.2","#098C09"
"17856","69","#098C09"
"17872","68.6","#098C09"
"17888","69.1","#098C09"
"17904","69","#098C09"
"17920","68.8","#098C09"
"17936","68.3","#098C09"
"17952","68.5","#098C09"
"17968","69.6","#098C09"
"17984","69.5","#098C09"
"18000","85","#098C09"
"18016","69.3","#098C09"
"18032","68.7","#098C09"
"18048","68.6","#098C09"
"18064","69","#098C09"
"18080","68.9","#098C09"
"18096","68.7","#098C09"
"18112","68.8","#098C09"
"18128","68.9","#098C09"
"18144","75.4","#098C09"
"18160","68.5","#098C09"
"18176","68.6","#098C09"
"18192","69","#098C09"
"18208","69","#098C09"
"18224","69.2","#098C09"
"18240","69.4","#098C09"
"18256","69.3","#098C09"
"18272","68.7","#098C09"
"18288","68.8","#098C09"
"18304","77.1","#098C09"
"18320","77.4","#098C09"
"18336","76.7","#098C09"
"18352","77.2","#098C09"
"18368","77.5","#098C09"
"18384","77.4","#098C09"
"18400","77.4","#098C09"
"18416","77.5","#098C09"
"18432","77.4","#098C09"
"18448","77.1","#098C09"
"18464","77.4","#098C09"
"18480","77.4","#098C09"
"18496","77.3","#098C09"
"18512","77.4","#098C09"
"18528","77.3","#098C09"
"18544","76.7","#098C09"
"18560","77.3","#098C09"
"18576","77.3","#098C09"
"18592","77.4","#098C09"
"18608","77.5","#098C09"
"18624","77.3","#098C09"
"18640","77.3","#098C09"
"18656","77","#098C09"
"18672","77.3","#098C09"
"18688","77.4","#098C09"
"18704","77.5","#098C09"
"18720","77.4","#098C09"
"18736","77.4","#098C09"
"18752","76.9","#098C09"
"18768","77.6","#098C09"
"18784","77.5","#098C09"
"18800","77.3","#098C09"
"18816","77.4","#098C09"
"18832","76.8","#098C09"
"18848","76.7","#098C09"
"18864","77.2","#098C09"
"18880","77.3","#098C09"
"18896","77.4","#098C09"
"18912","77.5","#098C09"
"18928","77.5","#098C09"
"18944","77.4","#098C09"
"18960","76.5","#098C09"
"18976","77.4","#098C09"
"18992","77.4","#098C09"
"19008","77.5","#098C09"
"19024","77.5","#098C09"
"19040","77.4","#098C09"
"19056","76.8","#098C09"
"19072","77.4","#098C09"
"19088","77.5","#098C09"
"19104","77.1","#098C09"
"19120","77.6","#098C09"
"19136","77.3","#098C09"
"19152","77.3","#098C09"
"19168","76.6","#098C09"
"19184","76.9","#098C09"
"19200","75.7","#098C09"
"19216","75.8","#098C09"
"19232","75.6","#098C09"
"19248","77","#098C09"
"19264","75","#098C09"
"19280","75.6","#098C09"
"19296","75.7","#098C09"
"19312","83.3","#098C09"
"19328","160.8","#098C09"
"19344","124.3","#098C09"
"19360","69","#098C09"
"19376","70.2","#098C09"
"19392","69","#098C09"
"19408","69.1","#098C09"
"19424","69.2","#098C09"
"19440","69.2","#098C09"
"19456","69.1","#098C09"
"19472","68.6","#098C09"
"19488","69","#098C09"
"19504","72.6","#098C09"
"19520","69.5","#098C09"
"19536","69.3","#098C09"
"19552","69.1","#098C09"
"19568","68.9","#098C09"
"19584","69","#098C09"
"19600","68.8","#098C09"
"19616","68.8","#098C09"
"19632","69.3","#098C09"
"19648","69.3","#098C09"
"19664","69","#098C09"
"19680","68.5","#098C09"
"19696","68.6","#098C09"
"19712","68.9","#098C09"
"19728","69.4","#098C09"
"19744","69.5","#098C09"
"19760","69.1","#098C09"
"19776","68.9","#098C09"
"19792","69.4","#098C09"
"19808","69.4","#098C09"
"19824","68.9","#098C09"
"19840","69.2","#098C09"
"19856","69.4","#098C09"
"19872","69.3","#098C09"
"19888","69","#098C09"
"19904","68.8","#098C09"
"19920","69.2","#098C09"
"19936","69.3","#098C09"
"19952","69.3","#098C09"
"19968","69.1","#098C09"
"19984","68.5","#098C09"
"20000","69.1","#098C09"
"20016","98.1","#AF0B0B"
"20032","72.1","#AF0B0B"
"20048","86.5","#AF0B0B"
"20064","83.7","#AF0B0B"
"20080","92.6","#AF0B0B"
"20096","75.2","#AF0B0B"
"20112","80.7","#AF0B0B"
"20128","73.2","#AF0B0B"
"20144","70.3","#AF0B0B"
"20160","77.4","#AF0B0B"
"20176","75.9","#AF0B0B"
"20192","85.6","#AF0B0B"
"20208","74.3","#AF0B0B"
"20224","73.7","#AF0B0B"
"20240","77.7","#AF0B0B"
"20256","72","#AF0B0B"
"20272","78.7","#AF0B0B"
"20288","72.4","#AF0B0B"
"20304","73.3","#AF0B0B"
"20320","72.5","#AF0B0B"
"20336","77.4","#AF0B0B"
"20352","78.7","#AF0B0B"
"20368","71.8","#AF0B0B"
"20384","77","#AF0B0B"
"20400","72.8","#AF0B0B"
"20416","73.5","#AF0B0B"
"20432","76.9","#AF0B0B"
"20448","79.6","#AF0B0B"
"20464","81.1","#AF0B0B"
"20480","73.2","#AF0B0B"
"20496","76.5","#AF0B0B"
"20512","71.1","#AF0B0B"
"20528","71.9","#AF0B0B"
"20544","78.4","#AF0B0B"
"20560","83.5","#AF0B0B"
"20576","72.1","#AF0B0B"
"20592","75","#AF0B0B"
"20608","76.3","#AF0B0B"
"20624","70.7","#AF0B0B"
"20640","76.7","#AF0B0B"
"20656","76.8","#AF0B0B"
"20672","71.8","#AF0B0B"
"20688","76.7","#AF0B0B"
"20704","83","#AF0B0B"
"20720","75.8","#AF0B0B"
"20736","72.8","#AF0B0B"
"20752","78.9","#AF0B0B"
"20768","70.3","#AF0B0B"
"20784","72.2","#AF0B0B"
"20800","70.7","#AF0B0B"
"20816","76.9","#AF0B0B"
"20832","77.5","#AF0B0B"
"20848","71.6","#AF0B0B"
"20864","72.4","#AF0B0B"
"20880","70","#AF0B0B"
"20896","74.9","#AF0B0B"
"20912","76.1","#AF0B0B"
"20928","76.9","#AF0B0B"
"20944","76.5","#AF0B0B"
"20960","72.2","#AF0B0B"
"20976","75.8","#AF0B0B"
"20992","70.7","#AF0B0B"
"21008","74","#AF0B0B"
"21024","74.9","#AF0B0B"
"21040","75.8","#076969"
"21056","75.6","#076969"
"21072","76.4","#076969"
"21088","76","#076969"
"21104","75.8","#076969"
"21120","75.2","#076969"
"21136","76.1","#076969"
"21152","75.9","#076969"
"21168","76.7","#076969"
"21184","75.2","#076969"
"21200","75.5","#076969"
"21216","75.2","#076969"
"21232","76.6","#076969"
"21248","75.1","#076969"
"21264","75.6","#076969"
"21280","75.7","#076969"
"21296","103.6","#AF550B"
"21312","17.2","#AF550B"
"21328","15.1","#AF550B"
"21344","15.1","#AF550B"
"21360","15.1","#AF550B"
"21376","15","#AF550B"
"21392","15.1","#AF550B"
"21408","15.1","#AF550B"
"21424","15","#AF550B"
"21440","15.1","#AF550B"
"21456","15.1","#AF550B"
"21472","15","#AF550B"
"21488","15","#AF550B"
"21504","15","#AF550B"
"21520","15","#AF550B"
"21536","15","#AF550B"
"21552","15","#AF550B"
"21568","15","#AF550B"
"21584","15","#AF550B"
"21600","15","#AF550B"
"21616","15.1","#AF550B"
"21632","15","#AF550B"
"21648","15","#AF550B"
"21664","15","#AF550B"
"21680","15","#AF550B"
"21696","15","#AF550B"
"21712","15","#AF550B"
"21728","15","#AF550B"
"21744","15","#AF550B"
"21760","15","#AF550B"
"21776","15","#AF550B"
"21792","15","#AF550B"
"21808","15","#AF550B"
"21824","15","#AF550B"
"21840","15","#AF550B"
"21856","15","#AF550B"
"21872","15","#AF550B"
"21888","15","#AF550B"
"21904","15","#AF550B"
"21920","15","#AF550B"
"21936","15.1","#AF550B"
"21952","15","#AF550B"
"21968","15","#AF550B"
"21984","15","#AF550B"
"22000","15","#AF550B"
"22016","15.1","#AF550B"
"22032","15","#AF550B"
"22048","15","#AF550B"
"22064","15","#AF550B"
"22080","15","#AF550B"
"22096","15","#AF550B"
"22112","15","#AF550B"
"22128","15.1","#AF550B"
"22144","15.3","#AF550B"
"22160","15","#AF550B"
"22176","15","#AF550B"
"22192","15.1","#AF550B"
"22208","15","#AF550B"
"22224","15","#AF550B"
"22240","14.9","#AF550B"
"22256","15","#AF550B"
"22272","15.2","#AF550B"
"22288","15","#AF550B"
"22304","15","#AF550B"
"22320","14.9","#AF550B"
"22336","15","#AF550B"
"22352","15","#AF550B"
"22368","15","#AF550B"
"22384","15","#AF550B"
"22400","15","#AF550B"
"22416","15","#AF550B"
"22432","14.9","#AF550B"
"22448","15","#AF550B"
"22464","15","#AF550B"
"22480","15","#AF550B"
"22496","15","#AF550B"
"22512","15","#AF550B"
"22528","15","#AF550B"
"22544","15","#AF550B"
"22560","15","#AF550B"
"22576","15","#AF550B"
"22592","15","#AF550B"
"22608","15","#AF550B"
"22624","15","#AF550B"
"22640","15.1","#AF550B"
"22656","15","#AF550B"
"22672","15","#AF550B"
"22688","15","#AF550B"
"22704","15","#AF550B"
"22720","15","#AF550B"
"22736","15","#AF550B"
"22752","15.2","#AF550B"
"22768","15","#AF550B"
"22784","14.9","#AF550B"
"22800","15","#AF550B"
"22816","15","#AF550B"
"22832","15.2","#AF550B"
"22848","15","#AF550B"
"22864","15","#AF550B"
"22880","15.1","#AF550B"
"22896","15","#AF550B"
"22912","15","#AF550B"
"22928","15","#AF550B"
"22944","15","#AF550B"
"22960","15","#AF550B"
"22976","15","#AF550B"
"22992","15","#AF550B"
"23008","15","#AF550B"
"23024","15","#AF550B"
"23040","15","#AF550B"
"23056","15","#AF550B"
"23072","15.1","#AF550B"
"23088","15","#AF550B"
"23104","14.9","#AF550B"
"23120","15","#AF550B"
"23136","15","#AF550B"
"23152","15.1","#AF550B"
"23168","15","#AF550B"
"23184","14.9","#AF550B"
"23200","14.9","#AF550B"
"23216","15","#AF550B"
"23232","15","#AF550B"
"23248","15","#AF550B"
"23264","15","#AF550B"
"23280","15","#AF550B"
"23296","15","#AF550B"
"23312","15","#AF550B"
"23328","15","#AF550B"
"23344","15","#AF550B"
"23360","15","#AF550B"
"23376","15","#AF550B"
"23392","14.9","#AF550B"
"23408","15","#AF550B"
"23424","15","#AF550B"
"23440","15","#AF550B"
"23456","15","#AF550B"
"23472","15","#AF550B"
"23488","15","#AF550B"
"23504","14.9","#AF550B"
"23520","15","#AF550B"
"23536","15","#AF550B"
"23552","15","#AF550B"
"23568","15.1","#AF550B"
"23584","15","#AF550B"
"23600","15","#AF550B"
"23616","15","#AF550B"
"23632","15","#AF550B"
"23648","15.2","#AF550B"
"23664","14.9","#AF550B"
"23680","14.9","#AF550B"
"23696","15","#AF550B"
"23712","15","#AF550B"
"23728","15","#AF550B"
"23744","15","#AF550B"
"23760","14.9","#AF550B"
"23776","15","#AF550B"
"23792","15","#AF550B"
"23808","15","#AF550B"
"23824","15","#AF550B"
"23840","15","#AF550B"
"23856","15","#AF550B"
"23872","15","#AF550B"
"23888","15","#AF550B"
"23904","15","#AF550B"
"23920","15","#AF550B"
"23936","15","#AF550B"
"23952","15","#AF550B"
"23968","14.9","#AF550B"
"23984","15","#AF550B"
"24000","15","#AF550B"
"24016","15","#AF550B"
"24032","15","#AF550B"
"24048","15","#AF550B"
"24064","15","#AF550B"
"24080","15","#AF550B"
"24096","15","#AF550B"
"24112","15","#AF550B"
"24128","15","#AF550B"
"24144","14.9","#AF550B"
"24160","15","#AF550B"
"24176","14.9","#AF550B"
"24192","15","#AF550B"
"24208","15","#AF550B"
"24224","15","#AF550B"
"24240","15","#AF550B"
"24256","15","#AF550B"
"24272","15","#AF550B"
"24288","14.9","#AF550B"
"24304","15","#AF550B"
"24320","15","#AF550B"
"24336","14.9","#AF550B"
"24352","14.9","#AF550B"
"24368","15","#AF550B"
"24384","15.1","#AF550B"
"24400","15","#AF550B"
"24416","15","#AF550B"
"24432","14.9","#AF550B"
"24448","15","#AF550B"
"24464","15.2","#AF550B"
"24480","15","#AF550B"
"24496","15","#AF550B"
"24512","15","#AF550B"
"24528","15","#AF550B"
"24544","15","#AF550B"
"24560","15","#AF550B"
"24576","14.9","#AF550B"
"24592","15","#AF550B"
"24608","15","#AF550B"
"24624","15","#AF550B"
"24640","14.9","#AF550B"
"24656","15","#AF550B"
"24672","15","#AF550B"
"24688","14.9","#AF550B"
"24704","15","#AF550B"
"24720","14.9","#AF550B"
"24736","15","#AF550B"
"24752","15","#AF550B"
"24768","15","#AF550B"
"24784","15","#AF550B"
"24800","15","#AF550B"
"24816","15","#AF550B"
"24832","15","#AF550B"
"24848","15","#AF550B"
"24864","15","#AF550B"
"24880","15","#AF550B"
"24896","15.1","#AF550B"
"24912","15","#AF550B"
"24928","15","#AF550B"
"24944","15","#AF550B"
"24960","15","#AF550B"
"24976","14.9","#AF550B"
"24992","14.9","#AF550B"
"25008","15","#AF550B"
"25024","15","#AF550B"
"25040","14.9","#AF550B"
"25056","15","#AF550B"
"25072","15","#AF550B"
"25088","14.9","#AF550B"
"25104","15.1","#AF550B"
"25120","14.9","#AF550B"
"25136","15","#AF550B"
"25152","15","#AF550B"
"25168","15","#AF550B"
"25184","14.9","#AF550B"
"25200","15.1","#AF550B"
"25216","15","#AF550B"
"25232","15","#AF550B"
"25248","15","#AF550B"
"25264","15","#AF550B"
"25280","15.1","#AF550B"
"25296","15","#AF550B"
"25312","14.9","#AF550B"
"25328","15","#AF550B"
"25344","15","#AF550B"
"25360","15","#AF550B"
"25376","15","#AF550B"
"25392","15","#AF550B"
"25408","15.1","#AF550B"
"25424","15","#AF550B"
"25440","15","#AF550B"
"25456","14.9","#AF550B"
"25472","15","#AF550B"
"25488","15","#AF550B"
"25504","15","#AF550B"
"25520","15","#AF550B"
"25536","14.9","#AF550B"
"25552","15","#AF550B"
"25568","15","#AF550B"
"25584","15","#AF550B"
"25600","15","#AF550B"
"25616","15","#AF550B"
"25632","15","#AF550B"
"25648","15","#AF550B"
"25664","14.9","#AF550B"
"25680","15","#AF550B"
"25696","15","#AF550B"
"25712","15","#AF550B"
"25728","15","#AF550B"
"25744","14.9","#AF550B"
"25760","15","#AF550B"
"25776","15","#AF550B"
"25792","15","#AF550B"
"25808","15","#AF550B"
"25824","15","#AF550B"
"25840","15","#AF550B"
"25856","15","#AF550B"
"25872","15","#AF550B"
"25888","14.9","#AF550B"
"25904","15","#AF550B"
"25920","15","#AF550B"
"25936","15","#AF550B"
"25952","15","#AF550B"
"25968","15","#AF550B"
"25984","15","#AF550B"
"26000","14.9","#AF550B"
"26016","14.9","#AF550B"
"26032","15.1","#AF550B"
"26048","15","#AF550B"
"26064","14.9","#AF550B"
"26080","15","#AF550B"
"26096","15","#AF550B"
"26112","15","#AF550B"
"26128","15","#AF550B"
"26144","15","#AF550B"
"26160","14.9","#AF550B"
"26176","15","#AF550B"
"26192","15","#AF550B"
"26208","14.9","#AF550B"
"26224","15","#AF550B"
"26240","15","#AF550B"
"26256","15","#AF550B"
"26272","15","#AF550B"
"26288","15","#AF550B"
"26304","14.9","#AF550B"
"26320","15","#AF550B"
"26336","15","#AF550B"
"26352","15","#AF550B"
"26368","14.9","#AF550B"
"26384","15","#AF550B"
"26400","14.9","#AF550B"
"26416","14.9","#AF550B"
"26432","15","#AF550B"
"26448","15","#AF550B"
"26464","14.9","#AF550B"
"26480","15","#AF550B"
"26496","14.9","#AF550B"
"26512","15","#AF550B"
"26528","14.9","#AF550B"
"26544","14.9","#AF550B"
"26560","15","#AF550B"
"26576","15","#AF550B"
"26592","15","#AF550B"
"26608","14.9","#AF550B"
"26624","15","#AF550B"
"26640","15","#AF550B"
"26656","15","#AF550B"
"26672","15","#AF550B"
"26688","15","#AF550B"
"26704","15","#AF550B"
"26720","15","#AF550B"
"26736","14.9","#AF550B"
"26752","14.9","#AF550B"
"26768","14.9","#AF550B"
"26784","15","#AF550B"
"26800","15","#AF550B"
"26816","15","#AF550B"
"26832","15","#AF550B"
"26848","15.2","#AF550B"
"26864","15","#AF550B"
"26880","15","#AF550B"
"26896","15","#AF550B"
"26912","15","#AF550B"
"26928","15.1","#AF550B"
"26944","15","#AF550B"
"26960","15","#AF550B"
"26976","14.9","#AF550B"
"26992","15","#AF550B"
"27008","15","#AF550B"
"27024","15","#AF550B"
"27040","14.9","#AF550B"
"27056","15","#AF550B"
"27072","14.9","#AF550B"
"27088","15","#AF550B"
"27104","14.9","#AF550B"
"27120","15","#AF550B"
"27136","15","#AF550B"
"27152","15","#AF550B"
"27168","14.9","#AF550B"
"27184","15","#AF550B"
"27200","15","#AF550B"
"27216","14.9","#AF550B"
"27232","15","#AF550B"
"27248","15.3","#AF550B"
"27264","15","#AF550B"
"27280","15","#AF550B"
"27296","15","#AF550B"
"27312","14.9","#AF550B"
"27328","14.1","#AF550B"
"27344","15","#AF550B"
"27360","14.9","#AF550B"
"27376","14.9","#AF550B"
"27392","15","#AF550B"
"27408","15","#AF550B"
"27424","15","#AF550B"
"27440","15","#AF550B"
"27456","15","#AF550B"
"27472","15","#AF550B"
"27488","15","#AF550B"
"27504","16.3","#AF550B"
"27520","11.9","#AF550B"
"27536","15","#AF550B"
"27552","15","#AF550B"
"27568","14.9","#AF550B"
"27584","15","#AF550B"
"27600","15","#AF550B"
"27616","15","#AF550B"
"27632","15","#AF550B"
"27648","15","#AF550B"
"27664","15","#AF550B"
"27680","15","#AF550B"
"27696","15","#AF550B"
"27712","15","#AF550B"
"27728","14.9","#AF550B"
"27744","15","#AF550B"
"27760","15","#AF550B"
"27776","14.9","#AF550B"
"27792","15","#AF550B"
"27808","14.9","#AF550B"
"27824","15.1","#AF550B"
"27840","14.9","#AF550B"
"27856","15.5","#AF550B"
"27872","14.9","#AF550B"
"27888","15","#AF550B"
"27904","15","#AF550B"
"27920","14.9","#AF550B"
"27936","14.9","#AF550B"
"27952","14.9","#AF550B"
"27968","15","#AF550B"
"27984","15","#AF550B"
"28000","15","#AF550B"
"28016","14.9","#AF550B"
"28032","15","#AF550B"
"28048","15","#AF550B"
"28064","15","#AF550B"
"28080","15","#AF550B"
"28096","15","#AF550B"
"28112","14.9","#AF550B"
"28128","14.9","#AF550B"
"28144","15","#AF550B"
"28160","14.9","#AF550B"
"28176","15","#AF550B"
"28192","15","#AF550B"
"28208","14.9","#AF550B"
"28224","14.9","#AF550B"
"28240","15","#AF550B"
"28256","15.2","#AF550B"
"28272","15","#AF550B"
"28288","15","#AF550B"
"28304","15","#AF550B"
"28320","15","#AF550B"
"28336","15","#AF550B"
"28352","15","#AF550B"
"28368","15","#AF550B"
"28384","15","#AF550B"
"28400","15","#AF550B"
"28416","15","#AF550B"
"28432","15","#AF550B"
"28448","15","#AF550B"
"28464","15","#AF550B"
"28480","14.9","#AF550B"
"28496","14.9","#AF550B"
"28512","14.9","#AF550B"
"28528","14.9","#AF550B"
"28544","15","#AF550B"
"28560","15","#AF550B"
"28576","14.9","#AF550B"
"28592","15","#AF550B"
"28608","15","#AF550B"
"28624","14.9","#AF550B"
"28640","15","#AF550B"
"28656","15","#AF550B"
"28672","14.9","#AF550B"
"28688","15","#AF550B"
"28704","14.9","#AF550B"
"28720","15","#AF550B"
"28736","13.6","#AF550B"
"28752","16.1","#AF550B"
"28768","13.2","#AF550B"
"28784","15","#AF550B"
"28800","14.9","#AF550B"
"28816","15","#AF550B"
"28832","14.9","#AF550B"
"28848","14.9","#AF550B"
"28864","14.9","#AF550B"
"28880","14.9","#AF550B"
"28896","14.9","#AF550B"
"28912","14.9","#AF550B"
"28928","14.9","#AF550B"
"28944","14.9","#AF550B"
"28960","15","#AF550B"
"28976","15","#AF550B"
"28992","15.2","#AF550B"
"29008","14.9","#AF550B"
"29024","15.1","#AF550B"
"29040","15","#AF550B"
"29056","15","#AF550B"
"29072","15.1","#AF550B"
"29088","14.9","#AF550B"
"29104","15","#AF550B"
"29120","14.9","#AF550B"
"29136","15","#AF550B"
"29152","14.9","#AF550B"
"29168","15","#AF550B"
"29184","15","#AF550B"
"29200","15","#AF550B"
"29216","15","#AF550B"
"29232","15","#AF550B"
"29248","15","#AF550B"
"29264","15","#AF550B"
"29280","15","#AF550B"
"29296","15","#AF550B"
"29312","15","#AF550B"
"29328","15","#AF550B"
"29344","15","#AF550B"
"29360","14.9","#AF550B"
"29376","15","#AF550B"
"29392","15","#AF550B"
"29408","14.9","#AF550B"
"29424","15","#AF550B"
"29440","15","#AF550B"
"29456","14.9","#AF550B"
"29472","14.9","#AF550B"
"29488","15","#AF550B"
"29504","15","#AF550B"
"29520","15","#AF550B"
"29536","14.9","#AF550B"
"29552","15","#AF550B"
"29568","14.9","#AF550B"
"29584","15","#AF550B"
"29600","15","#AF550B"
"29616","14.9","#AF550B"
"29632","15","#AF550B"
"29648","15","#AF550B"
"29664","15","#AF550B"
"29680","15","#AF550B"
"29696","14.9","#AF550B"
"29712","15","#AF550B"
"29728","15","#AF550B"
"29744","15","#AF550B"
"29760","15","#AF550B"
"29776","15","#AF550B"
"29792","15","#AF550B"
"29808","15","#AF550B"
"29824","15.1","#AF550B"
"29840","15","#AF550B"
"29856","15","#AF550B"
"29872","14.9","#AF550B"
"29888","14.9","#AF550B"
"29904","15.1","#AF550B"
"29920","14.9","#AF550B"
"29936","15","#AF550B"
"29952","15","#AF550B"
"29968","15","#AF550B"
"29984","15","#AF550B"
"30000","15","#AF550B"
"30016","14.9","#AF550B"
"30032","15","#AF550B"
"30048","15","#AF550B"
"30064","15","#AF550B"
"30080","14.9","#AF550B"
"30096","15","#AF550B"
"30112","14.9","#AF550B"
"30128","14.9","#AF550B"
"30144","15","#AF550B"
"30160","15","#AF550B"
"30176","14.9","#AF550B"
"30192","15","#AF550B"
"30208","15","#AF550B"
"30224","15","#AF550B"
"30240","15","#AF550B"
"30256","15","#AF550B"
"30272","14.9","#AF550B"
"30288","14.9","#AF550B"
"30304","14.9","#AF550B"
"30320","15","#AF550B"
"30336","15","#AF550B"
"30352","14.9","#AF550B"
"30368","14.9","#AF550B"
"30384","15","#AF550B"
"30400","14.9","#AF550B"
"30416","15","#AF550B"
"30432","15","#AF550B"
"30448","15","#AF550B"
"30464","15","#AF550B"
"30480","15","#AF550B"
"30496","15","#AF550B"
"30512","14.9","#AF550B"
"30528","14.9","#AF550B"
"30544","15","#AF550B"
"30560","15","#AF550B"
"30576","15","#AF550B"
"30592","14.9","#AF550B"
"30608","15","#AF550B"
"30624","14.8","#AF550B"
"30640","15","#AF550B"
"30656","15","#AF550B"
"30672","14.9","#AF550B"
"30688","15","#AF550B"
"30704","15","#AF550B"
"30720","15","#AF550B"
"30736","14.9","#AF550B"
"30752","14.9","#AF550B"
"30768","14.9","#AF550B"
"30784","15","#AF550B"
"30800","14.9","#AF550B"
"30816","14.9","#AF550B"
"30832","15","#AF550B"
"30848","15","#AF550B"
"30864","15","#AF550B"
"30880","14.9","#AF550B"
"30896","15","#AF550B"
"30912","15","#AF550B"
"30928","15","#AF550B"
"30944","14.9","#AF550B"
"30960","15","#AF550B"
"30976","14.9","#AF550B"
"30992","15","#AF550B"
"31008","15","#AF550B"
"31024","14.9","#AF550B"
"31040","15","#AF550B"
"31056","14.9","#AF550B"
"31072","10.6","#AF550B"
"31088","15.6","#AF550B"
"31104","15.1","#AF550B"
"31120","15","#AF550B"
"31136","14.9","#AF550B"
"31152","15","#AF550B"
"31168","15","#AF550B"
"31184","14.9","#AF550B"
"31200","14.9","#AF550B"
"31216","15","#AF550B"
"31232","15","#AF550B"
"31248","14.9","#AF550B"
"31264","15","#AF550B"
"31280","14.9","#AF550B"
"31296","47.7","#098C09"
"31312","75.8","#098C09"
"31328","75.9","#098C09"
"31344","76","#098C09"
"31360","77.3","#098C09"
"31376","75.9","#098C09"
"31392","75.8","#098C09"
"31408","76.4","#098C09"
"31424","76.4","#098C09"
"31440","76.7","#098C09"
"31456","75.7","#098C09"
"31472","76.3","#098C09"
"31488","77.2","#098C09"
"31504","75.9","#098C09"
"31520","76.2","#098C09"
"31536","76.4","#098C09"
"31552","76","#098C09"
"31568","77.1","#098C09"
"31584","75.8","#098C09"
"31600","76.5","#098C09"
"31616","76.2","#098C09"
"31632","76.7","#098C09"
"31648","75.8","#098C09"
"31664","75.9","#098C09"
"31680","76.3","#098C09"
"31696","76.8","#098C09"
"31712","76.2","#098C09"
"31728","76.4","#098C09"
"31744","76.5","#098C09"
"31760","76.7","#098C09"
"31776","75.7","#098C09"
"31792","76.8","#098C09"
"31808","76.5","#098C09"
"31824","91.3","#098C09"
"31840","69.1","#098C09"
"31856","69.1","#098C09"
"31872","69.1","#098C09"
"31888","69","#098C09"
"31904","68.6","#098C09"
"31920","68.7","#098C09"
"31936","69.4","#098C09"
"31952","69.1","#098C09"
"31968","86.7","#098C09"
"31984","70.4","#098C09"
